key,value,memo
player_speed,260,プレイヤーの移動速度（ピクセル/秒）
fire_interval,0.45,魔法弾を自動で撃つ間隔（秒）
fire_range,420,自動攻撃が狙える距離（ピクセル）
bolt_speed,720,魔法弾の飛ぶ速さ（ピクセル/秒）
bolt_damage,1,強化なしの魔法弾1発で減らす耐久
twin_spread,14,狙う相手が足りないとき、追加の魔法弾をずらす角度（度）
focus_every,3,集中（Focus）で何発ごとに強い1発になるか（発）
focus_multiplier,2,集中の1発のダメージ倍率（倍）
shatter_radius,150,砕裂（Shatter）で壊れた物が周りにダメージを与える範囲（ピクセル）
rock_respawn_time,3,壊れた岩が復活するまでの時間（秒）
oak_respawn_time,4,壊れた木が復活するまでの時間（秒）
oak_regen_delay,1.5,森の木が最後に攻撃されてから耐久が戻り始めるまでの時間（秒）
oak_regen_interval,0.5,森の木の耐久が1戻る間隔（秒）
ring_breaks_per_level,8,精霊の輪のレベルが1上がるのに必要な破壊数（個）
ring_max_level,3,精霊の輪のレベルの上限（1ランの中だけ）
ring_damage,1,精霊の輪の玉1回の接触で減らす耐久（強化なし）
ring_orbit_radius,95,精霊の輪の玉がプレイヤーの周りを回る半径（ピクセル）
ring_orbit_speed,3,精霊の輪の玉が回る速さ（ラジアン/秒）
ring_orb_radius,16,精霊の輪の玉の当たり判定の半径（ピクセル）
ring_hit_cooldown,0.4,精霊の輪が同じ物に続けて当たるまでの間隔（秒）
